digulla:Aaron Digulla:digulla@hepe.com:Coordinator
matthias:Matthias Fleischer:fleischr@IZFM.Uni-Stuttgart.DE:Exec, DOS, drivers
pgpeter:Peter Boeckmann:pgpeter@informatik.uni-siegen.de:Sparc, Alpha
iaint:Iain Templeton:iain@ugh.net.au:HIDDs, Docs
zino:Peter Bortas:peter@bortas.org:
mreckt:Martin Recktenwald:mreckt@cscip.uni-sb.de:WWW, layers
ldp:Lennard voor den Dag:ldp@xs4all.nl:Amiga port, layers
quango:Chris Lawrence:quango@socomm.net:Linux/m68k
geert:Geert Uytterhoeven:geert@mercator.cs.kuleuven.ac.be:Linux/m68k
turrican:Kars de Jong:jongk@linux-m68k.org:misc
nlorentz:Nils Henrik Lorentzen:nlorentz@online.no:GadTools, Asl, input.device
ruppert:Stefan Ruppert:ruppert@informatik.fh-wiesbaden.de:Datatypes
vmc:Harald Frank:support@isdntown.east.de:Amiga port
helios:Martin Steigerwald:Martin-Steigerwald@gmx.net:Beta tester
srittau:Sebastian Rittau:jroger@sky.in-berlin.de:Includes, Gadtools, Docs
laguest:Luke A. Guest:L.A.Guest@comp.brad.ac.uk:CLI tools
SDuvan:Johan Alfredsson:d95duvan@dtek.chalmers.se:Commodities
bergers:Stefan Berger:bergers@cip.e-technik.uni-erlangen.de:Math, DOS, Arp
jskov:Jesper Skov:jskov@cs.auc.dk:Linux/m68k
Wez:Wez Furlong:wez@thebrainroom.com:Shell
usul:Stefan Czinczoll:scholle@unidui.uni-duisburg.de:WWW
karcher:John J. Karcher:jkarcher@cynet.net:Slim Binaries
adieb:Adrian Brown:adieb@carmen.murdoch.edu.au:Win95 port
hkiel:Henning Kiel:kiel@student.physik.uni-dortmund.de:Games, Misc
przemek:Przemys³aw Szczygielski:przemek.szczygielski@polkomtel.com.pl:Alpha port
schulz:Michael Schulz:michal.schulz@gmx.de:x86 standalone
rodo:Adrian Brown:Support@hamilton.wa.edu.au:Wintel port
mattiasg:Mattias Gustavsson:f97magu@dd.chalmers.se:Solaris port
juddc:Christopher D. Judd:juddc@rpi.edu:
frv95tjn:Tommy Johansson:frv95tjn@mds.mdh.se:
pcosta:Paolo Costabel:pcosta@mbox.vol.it:
daniel:Daniel Verite:daniel@brainstorm.eu.org:
mroth:Michael Roth:mroth@inlet.lake.de:
nico:Nico Heinz:nico@fh-konstanz.de:
jaxom:Thomas Schwarz:Thomas.Schwarz@munich.netsurf.de:
ykoehler:Yannick Koehler:yannick@generation.net:
hansvi:Hans Van Ingelgom:hansvi@igwe1.vub.ac.be:
rycohen:Ross Cohen:rycohen@ACSU.Buffalo.EDU:
chexum:Janos Farkas:chexum@shadow.banki.hu:
morten-h:Morten Holm:morten-h@post3.tele.dk:
rlumley:Robert Lumley:rlumley@telmaron.com:
indy:Sven Drieling:sd@sven-drieling.de:
jamesm:James McArthur:jamesm@it.ntu.edu.au:
glauschwuffel:Gregor Goldbach:glauschwuffel@amt.comlink.de:
jamie:Jim Cooper:jamie@interpath.com:
claus:Claus Herrmann:claus@frontgate.phase5.de:
fanciulli:Marco Fanciulli:master@fw.sacis.it:
crayor:Jörg Rebenstorf:crayor@zedat.fu-berlin.de:
gdprete:Gabriele Del Prete:gdprete@tin.it:
mmaso:Milos Masopust:mmaso@ipex.cz:
jhinkle:Joseph M. Hinkle:jhinkle@rockisland.com:
armin:Armin Obersteiner:armin@danbala.ifoer.tuwien.ac.at:
qtech:Joakim Ogren:joakim.ogren@ikab.com:
prohst03:Erhan Bilgili:prohst03@leon.unimedya.net.tr:
bernie:Bernardo Innocenti:bernie@codewiz.org:
wojcz:Wojciech Czyz:wojcz@elsoft.com.pl:
fsoft:Fabio Rotondo:Fabio.Rotondo@deagostini.it:
tT85.::hmichelo@so-razor.ms.sophia.schneider.fr:
paul:Paul Firth:S-p.m.firth@tees.ac.uk:
vitas:Vitas Povilaitis:vitas@wavemark.com:
bsidhi:Bill Sidhipong:vsidhi@enteract.com:
zeus:Cristiano Contin:zeus77@dei.unipd.it:
ljessen:Lars S. Jessen:ljessen@post1.netmaster.dk:
le_gurun:Patrice Le Gurun:le_gurun@iu-vannes.fr:
collin:Branko Collin:collin@xs4all.nl:
flag:Paolo Pisati:flag@libero.it:
gurut:Giulio Eulisse:gurut@tin.it:
kstaas:Karl Staas:kstaas@harborcom.net:
falemagn:Fabio Alemagna:falemagn@libero.it:
mchouinard:Mathieu Chouinard:mchouinard@sprint.ca:
pablo:Pawel Kolodziejski:pablo@rudykot.pl:
eirikns:Eirik Nicolai Synnes:eirikns@ifi.uio.no:
phillwooller:Phill Wooller:phillwooller@noelite.freeserve.co.uk:
stegerg:Georg Steger:georg.steger@rolmail.net:
jadamcze:Jonathan Adamczewski:jadamcze@utas.edu.au:
rmt:Richard Tew:RMT38@student.canterbury.ac.nz:
teras:Panagiwths Katsaloulis:teras@writeme.com: 
aldredmr:Michael Aldred:bluey@amitar.com.au:
jogr0326:Johan Grip:johan.grip@sveg.se.sykes.com:
silver:Ujvary, Bela Istvan:silver@alton.hu:
aard:Aard Keimpema:trantor@bart.nl:
phf:Peter H. Froehlich:phf@acm.org:
AMON:Robert Falk:exec@hem1.passagen.se:
rcdrummond:Richard Drummond:richard.drummond@futurenet.co.uk:
rorytoma:Rory Toma:rorytoma@ix.netcom.com:
cirdan:Troein Carl:carlt@netch.se:
pgoetz:Philippe GOETZ:philippe.goetz@wanadoo.fr:
mjs:Mark Junker:mjs@prg.hannover.sgh-net.de:
mjwoodcock:James Woodcock:jw@cgram.com:
dschauer:Dwight Schauer:dschauer@vcsd.com:
arnold:Thomas Eriksson:brummelufs@hotmail.com:
chodorowski:Adam Chodorowski:adam.chodorowski@chello.se:
megabob:Magnani Christophe:magnani@dactyl-buro.fr:
sebauer:Sebastian Bauer:sebauer@t-online.de:
poellman:Markus Poellmann:poellman@informatik.tu-muenchen.de:
starhawk:Mathias Spjuth:f95msp@student.tdb.uu.se:
whorfin:Eric Johnson:jwhorfin@pacbell.net:
akuptel:Artur P. Kuptel:nemerle@teleinfo.pb.bialystok.pl:
mkoike:KOIKE Masanori:mkoike@3ware.co.jp:
sheutlin:Sebastian Heutling:sheutlin@gmx.de:
ctagoe:Christopher Tagoe:ct299@doc.ic.ac.uk:
MastaTabs:Tobias Seiler:tseiler@aball.de:
society:Dennis Paulisch:society@amigascne.org:
lbischoff:Lars Bischoff:bischoff@uni-bremen.de:
henrik:Henrik Berglund:adb94hbd@mds.mdh.se:
ron72:Ronny Loken:ronny@loken.as:
johnboy:Joerg Dietrich:Dietrich_Joerg@t-online.de:
catull:Carlo Dapor:carlo@vis.ethz.ch:
alholzhey:Alexandre L. Holzhey:alhbr@terra.com.br:
ksvalast:Kjetil Svalastog Matheussen:ksvalast@student.matnat.uio.no:
desperado:Peter Hans van den Muijzenberg:desperado@yourfreemail.com:
giampiero:Giampiero Gabbiani:gbbgpr@geocities.com:
ezrim:Otto van Daalen:snoeren@cluster.com:
skost:Stefan Kost:st_kost@gmx.net:
raptor:Daniel Kasmeroglu:raptor@cs.tu-berlin.de:
flavio:Flavio Stanchina:flavio.stanchina@iol.it:
frans:Francis Swift:frans@xfilesystem.freeserve.co.uk:
florian:Florian Keck:florian.keck@fernuni-hagen.de:
wang:Mario Cassani:Mario.Cassani@icl.com:
art:Artur Remplakowski:remp@polbox.com:
shogun:P. Gnodde:gnoddep@home.nl:
mark_e_deyoung:Mark E. DeYoung:mark_e_deyoung@hotmail.com:
jolangse:Jon Langseth:jolangse@online.no:
tonyiommi:Thomas Bodlien:tonyiommi@gmx.net:
kyz:Stuart Kyzer Caie:kyzer@4u.net:
petah:Peter Eriksson:petah@acc.umu.se:
bjornala:Bjørn A. Larsen:bjornala@ifi.uio.no:
verhaegs:Staf Verhaegen:Staf.Verhaegen@skynet.be:
berno:Berno Langer:berno.langer@epost.de:
td:Thomas Dreibholz:uzs6pq@uni-bonn.de:
arcwave:Paul Cardwell:arc.wave@gte.net:
xav:Xavier Bestel:xavier.bestel@free.fr:
dsmx:Michael Lothian:darkwalker@bigfoot.com:
hinkka:Olli Hinkka:olli.hinkka@springtoys.com:
stuntzi:Stefan Stuntz:stuntz@sasg.com:
bjoern:Bjoern Paschen:bjoern@amigascne.org:
evogt:Etienne Vogt:etienne@astro.gla.ac.uk:
requin:Requin Frederic:Frederic.Requin@at.siemens.com:
Oly:Oliver Marks:mk293174@stmail.staffs.ac.uk:
henes:Nicolas Sallin:Henes.TSK@iName.com:
sasu:Sasu Purola:sasu.purola@dosesoft.fi:
dominatorhc:Orlando Bellocchio:dominatorhc@libero.it:
kenny:Kenny Dahlroth:kenny.dahlroth@ule.se:
KirkJT:Marco Fanciulli:marco.fanciulli@shs.it:
nicholaib:Nicholai Benalal:nicholai@chello.se:
acathla:Fabien CAURA:fabien-caura@wanadoo.fr:
elesueur:Emmanuel Lesueur:lesueur@club-internet.fr:
dhubbard:Dwight Hubbard:dhreply1@dwightandamy.com:
flibs:Matthew Jenkins:matt@esb.co.uk:
ognen:Ognen Duzlevski:ogd116@cs.usask.ca:
holmen:Daniel Holmen:lys_lue@hotmail.com:
dgs:David Somerton:somertond@hunterwatertech.com.au:
wgoltz:William Goltz:wgoltz@hotmail.com:
paulhuxham:Paul Huxham:paulhuxham@yahoo.com:
caveman:Rob Ostensen:rob.o@myrealbox.com:
orgin:Björn Hagström:bjorn.hagstrom@sema.se:
recoil:Mark Hulme-Jones:mjones@guideguide.com:
dmcminn:David McMinn:dave@blitz-2000.co.uk:
amis:Ivanov Alexey Vladimirovich:amis@amiga.org.ru:
bloodline:Matt Parsons:matt@bloodline.freeserve.co.uk:
wilco:Anders Wallden:walle@null.net:
cjean-marie:Chris Jean-Marie:chris.jean-marie@sympatico.ca:
arkay:Rainer Koschnick:rainerk@elconet.com:
aleph:Stefano Fedrigo:stefano@kaosmos.it:
downix:Nathaniel Downes:down@ici.net:
jpruente:Jan Pruente:Mr.Speck@t-online.de:
elenaxx:Elena:uni-dea@jumpy.it:
blair:Ryan Blair:blairrya@msu.edu:
cehbab:Craig Huggins:craigh@onyaphone.com:
laire:Ralph Schmidt:laire@t-online.de:
dlc:David Le Corfec:dlc@freesurf.fr:
dlecorfec:David Le Corfec:dlc@freesurf.fr:
tadran:Thomas Ernst:Tadran@gmx.net:
damato:Jens Langner:Jens.Langner@htw-dresden.de:
morgoth6:Marcin Kurek:morgoth6@box43.pl:
psmith:Paul Smith:watermelon@zipmail.com:
lucafaus:Luca Faustin:luca.faustin@libero.it:
jchandler:John Chandler:metaljoe@snowcrash.u-net.com:
pawn:Michael Haynes:pawn@mchsi.com:
darklite:Brecht Machiels:darklite@gmx.net:
ljl:Lorenzo J. Lucchini:ljlbox@inwind.it:
kolla:Kolbjørn Barmen:kolla@nvg.ntnu.no:
hassel:Anders Hasselqvist:hassel@acc.umu.se:
jdiffend:James Diffendaffer:jdiffend@earthlink.net:
mrzammler:Emm Vasilakis:evas@agn.forthnet.gr:
Vomit:Hendrik De Vloed:Hendrik.DeVloed@rug.ac.be:
olivieradam:Olivier Adam:o-adam@wanadoo.fr:
olegil:Ole-Egil Hvitmyren:olegil@samfundet.no:
ggreco:Gabriele Greco:gabrielegreco@tin.it:
gierich:Martin Gierich:gierich@gmx.de:
jolok:Joshua Lokken:jolok@myrealbox.com:
ppledge:Paul Pledge:pkp@telus.net:
kaffiene:Peter Ashford:kaffiene@xtra.co.nz:
ruben:Ruben Monteiro:rubenmonteiro@netcabo.pt:
damocles:Randy Vice:damocles@thenostromo.cx:
dibble:William Dibble:valhalla2000_99@yahoo.com:
irve:Morten Irve:morten@irve.dk:
4play:Ola Jensen:olajen@bluezone.no:
ivier:Keri Mathews:ivier@sabrinahosting.com:
fnord:Frederik Harwath:fnord@binarydigit.de:
motor:Tor Petterson:2r@manowar.dk:
lro:Lars Riis Olsen:lro@cs.auc.dk:
mdma:Nicholas Otley:nicholas_otley@hotmail.com:
markpapadakis:Mark Papadakis:markp@phaistosnetworks.gr:
sketch:Jonathan Perkin:sketch@rd.bbc.co.uk:
caronas:Frank Hornscheidt:Caronas@web.de:
lcs:Martin Blom:martin@blom.org:
timelore:Sami Klemola:contact@timelore.fi:
zed1:Franck Martinaux:martinaux_f@yahoo.fr:
forgoil:John Gustafsson:forgoil@rsn.bth.se:
zaaag:Amine Bizid:amine_bizid@yahoo.com:
nosfisk:Petter Lindquist:pollen@astrakan.hig.se:
Omnicade:Laurent Gleizes:omnicade@fr.st:
stepan:Stefan Reinauer:stepan@suse.de:
lanzotti:Carlo Lanzotti:clanzotti@dynadream.com:
csirac2:Paul Harvey:csirac2@yahoo.com.au:
Gaidheal:John PM Chappell:johnpmchappell@ntlworld.com:
macloud:Mattias Claesson:mattias.claesson@cenara.com:
windenntw:Antonio Vargas:wind@cocodriloo.com:
pandre:Paul Andre:pandre@nerim.fr:
NicJA:Nic Andrews:NicJA@yahoo.com:
spacecake:Daniel Baskerville:ishikodzume@beneath.plus.com:
Zainny:Neil Sainsbury:neil.sainsbury@student.gu.edu.au:
dent:Denis Markovic:Denis.Markovic@gmx.de:
fred:John Findlay:John.Findlay1@BTinternet.com:
kore:Miguel Santiago:crypticgear@yahoo.com:
kleinert:Andreas R. Kleinert:Andreas_Kleinert@gmx.de:
joe:Joe HAYASHI:waxhead@rr.iij4u.or.jp:
craighuggins:Craig Huggins:craigh@onyaphone.com:
prevotaux:Christophe Prevotaux:c.prevotaux@hexanet.fr:
hyph-n:Nigel Derbyshire:nd@selven.co.uk:
weissms:Markus Weiss:mweiss@id-architekten.de:
vengapir8:Dani Dolatowski:vengapir8@yahoo.co.uk:
CharletFranck:Franck Charlet:charlet.franck@wanadoo.fr:
redneon:Darrell Blake:darrell@dunmanifestin.co.uk:
zingel:Stefan Zimmer:zingel@gmx.de:
galaxy:Ali Akcaagac:aliakc@web.de:
pods:Rodney Mcdonell:pods@dodo.com.au:
kal:Kalle Räisänen:kal@tiscali.se:
jpatton:Jack Patton:pattonj@downbeach.net:
pjmolenaar:Peter Molenaar:pjmolenaar@bezeqint.net:
kev_stev:Kevin Stevens:kevin@yawot.me.uk:
gcasa:Gregory John Casamento:greg_casamento@yahoo.com:
northic:Sefer Bora LISESIVDIN:master@cyrocom.com:
walrus:Jerry Walraven:jerry@jdev.us:
dancx:Burak GÜNÜSEN:bgunusen@gmx.com.tr:
haerta:Michael Härtel:mhaertel@haertel-online.com:
rinnan:Erik Hill:erikhill@hawaii.edu:
drougge:Carl Drougge:aros@z42.net:
tokai:Christian Rosentreter:karibu@gmx.net:
budvar:Simon Gavin:simon.gavin@ntlworld.com:
daishi:Daishi Kaszer:daishikaszer@yahoo.fr:
fasten:Bernhard Fastenrath:bfastenrath@mac.com:
moses:Achim Königs:Achim@tratschtante.de:
cjrodr:Claudio Rodríguez:palmitron@hotmail.com:
sascman:Jeffrey D. Webster:j.d.webster@cox.net:
sonic:Pavel Fedin:sonic_amiga@rambler.ru:
lvivier:Laurent Vivier:LaurentVivier@wanadoo.fr:
camann:Christoph Amann:christoph.amann@aon.at:
captainblood:Scott Wightman:afterhourssoftware@hotmail.com:
psihe_delos_tm:Zeljko Vuckovic:psihe_delos_tm@yahoo.com:
cpvjagadeesh:venkatajagadeesh p:cpvjagadeesh@outgun.com:
jlfenton:Joseph Fenton:jlfenton@npgcable.com:
ascheepe:Axel Scheepers:ascheepers@vianetworks.nl:
